"cod_alumno"|"ciudad"|"sexo_f"|"puntaje_ingreso"|"promedio_notas"|"total_creditos_logrados"|"biologia"|"matematicas"|"filosofia"|"fisica"|"historia"|"quimica"|"lenguaje"|"geografia"|"idiomas"|"sociales"|"lecturacritica"|"ciencias"|"razonamiento"|"competenciaciud"|"valor_matricula"|"valor_servicios"|"ingresos"|"vive_familia"|"estrato"|"estrato_vivira"|"actualmente_trabaja"|"valor_matric_colegio"|"ano_pago_colegio"|"ingresos_familiares"|"ano_ingresos"|"numero_aportantes"|"numero_hermanos"|"numero_hermanos_est_superior"|"edad_inicio"|"edad_reporte"|"anio_reporte"|"clase"
7644|PASTO                    |0|63.14|2.610869565217391|0.0||||||||||||||||||0|||||||||||20.0|48.0|2018.0|
22155233|PASTO                    |0|46.35|2.5884210526315785|152.0|50.000|42.000|43.000|53.000|42.000|43.000|48.000|44.000|||||||0.0|0.0|0.0|1|1|1|0|25000|2001|2550000|2006.0|1.0|2.0|0.0|17.0|33.0|2018.0|
23033258|PASTO                    |0|53.65|2.733663366336633|172.0|57.000|51.000|33.000|62.000|56.000|52.000|52.000|50.000|0.000|||||||||0|||0|0||0|||0.0|0.0|24.0|39.0|2018.0|
23038230|PASTO                    |0|43.4|2.9414893617021276|162.0|40.000|39.000|36.000|47.000|45.000|40.000|50.000|47.000|0.000|||||||||0|1|1|0|2500|1997|4500000|2008.0|1.0|2.0|0.0|21.0|36.0|2018.0|
23038265|PASTO                    |1|0.0|3.150000000000001|181.0|48.000|40.000|46.000|47.000|49.000|43.000|48.000|52.000|0.000|||||||||1|2|2|0|0|2002|3000000|2006.0|1.0|3.0|0.0|18.0|33.0|2018.0|
25033227|PASTO                    |0|60.07|2.8595744680851065|161.0|61.640|59.160|49.570|68.300|48.230|60.720|56.720|52.290|43.980|||||||||0|||||||||||16.0|30.0|2018.0|
25033248|PASTO                    |1|53.71|2.990123456790123|157.0|49.900|57.100|59.400|52.900|53.300|55.800|50.100|43.800|42.000|||||||||0|||||||||||17.0|30.0|2018.0|
25033264|PASTO                    |0|57.42|3.108860759493671|168.0|68.330|67.180|34.590|58.830|44.700|53.490|54.540|46.570|34.530|||||||||1|3|3|0|0|0|5856000|2006.0|1.0|0.0|0.0|17.0|30.0|2018.0|
25155254|PASTO                    |0|45.35|2.751136363636363|133.0|48.000|39.000|43.000|50.000|50.000|43.000|50.000|42.000|32.000|||||||||0|||||||||||24.0|37.0|2018.0|
25155257|PASTO                    |0|45.15|2.7897959183673455|143.0|40.600|40.500|48.200|54.500|40.800|43.200|42.600|40.900|42.000|||||||||1|7|0|0|20000|2002|3000000|0.0|1.0|4.0|0.0|23.0|36.0|2018.0|
26033320|PASTO                    |0|58.46|2.8647058823529425|170.0|65.640|67.770|54.370|51.810|0.000|52.250|61.760|0.000|41.030|54.560|||||0.0|0.0|0.0|0|||0|0||0|||0.0|0.0|19.0|31.0|2018.0|
26160247|PASTO                    |0|56.63|3.134782608695654|82.0|50.790|59.160|47.370|61.120|55.580|58.730|50.260|50.370|43.980|0.000|||||0.0|0.0|0.0|0|||0|0||0|||0.0|0.0|18.0|31.0|2018.0|
27148234|PASTO                    |0|47.45|2.92|151.0|54.000|45.000|41.000|44.000|50.000|51.000|50.000|56.000|47.000|0.000|||||0.0|0.0|0.0|0|||0|0||0|||0.0|0.0|30.0|39.0|2018.0|
27149215|PASTO                    |0|49.82|3.173076923076922|180.0|48.840|53.810|47.600|43.640|0.000|50.500|52.450|0.000|38.950|51.890|||||0.0|0.0|0.0|0|||0|0||0|||0.0|0.0|25.0|36.0|2018.0|
27166231|PASTO                    |1|43.7|2.877922077922077|101.0|46.000|42.000|45.000|51.000|33.000|41.000|40.000|42.000|33.000|0.000|||||0.0|0.0|0.0|0|||0|0||0|||0.0|0.0|23.0|34.0|2018.0|
28033250|PASTO                    |1|62.42|2.949411764705883|165.0|56.370|74.380|59.930|56.780|0.000|66.310|55.700|0.000|47.790|55.080|||||584000.0|116800.0|0.0|1|3|3|0|207000|2007|23114000|2007.0|1.0|3.0|0.0|16.0|26.0|2018.0|
28033257|PASTO                    |0|54.55|2.822535211267605|141.0|53.040|56.190|49.860|58.930|0.000|57.660|50.200|0.000|48.490|44.410|||||150500.0|30100.0|0.0|0|2|2|0|82000|2004|527000|0.0|1.0|3.0|0.0|19.0|29.0|2018.0|
28033279|PASTO                    |0|61.62|3.5157894736842095|177.0|62.600|78.850|49.860|61.250|0.000|48.750|54.690|0.000|53.980|54.560|||||224000.0|44800.0|0.0|0|3|3|0|86600|2005|1170000|2007.0|1.0|2.0|0.0|20.0|31.0|2018.0|
28160218|PASTO                    |0|67.31|3.419117647058823|134.0|41.060|95.120|62.450|70.060|0.000|45.740|48.930|0.000|43.480|66.330|||||203000.0|40600.0|0.0|1|2|1|0|45000|2007|5796000|2007.0|1.0|0.0|0.0|16.0|26.0|2018.0|
29033229|PASTO                    |0|63.93|3.5447761194029845|158.0|59.820|78.810|49.720|57.570|0.000|59.280|60.240|0.000|47.790|64.260|||||92500.0|18500.0|0.0|0|9|1|0|25000|2007|800000|0.0|1.0|5.0|0.0|18.0|27.0|2018.0|
29033252|PASTO                    |0|61.81|3.24155844155844|140.0|36.340|58.010|51.720|72.900|0.000|70.560|55.700|0.000|54.310|57.420|||||107000.0|21400.0|0.0|0|7|2|0|42000|2003|17550000|2007.0|2.0|2.0|0.0|22.0|31.0|2018.0|
29033277|PASTO                    |1|60.71|3.3243243243243246|156.0|65.040|74.120|57.330|50.220|0.000|59.280|60.240|0.000|57.270|55.750|||||400500.0|80100.0|0.0|1|3|3|0|162500|2008|13200000|2008.0|1.0|1.0|0.0|17.0|25.0|2018.0|
29034268|PASTO                    |0|58.81|3.313333333333334|200.0|62.310|74.120|44.770|55.160|0.000|55.370|53.500|0.000|42.200|48.050|||||161500.0|32300.0|0.0|0|0|1|0|51000|2008|2400000|2011.0|1.0|2.0|0.0|17.0|26.0|2018.0|
29039211|PASTO                    |0|52.77|3.4914634146341443|196.0||||||||||||||||||1|1|1|1|0|2008|6500000|2008.0|1.0|1.0|1.0|20.0|29.0|2018.0|
29153242|PASTO                    |1|53.52|3.3128571428571423|156.0|57.840|58.890|39.640|50.090|0.000|54.290|50.870|0.000|36.710|56.290|||||0.0|0.0|0.0|1|2|2|0|35000|2007|4500000|0.0|2.0|2.0|0.0|18.0|27.0|2018.0|
29153245|PASTO                    |0|53.19|3.557142857142856|164.0|50.790|51.210|51.740|54.200|48.230|53.490|58.980|48.470|54.640|0.000|||||0.0|0.0|0.0|1|3|3|0|90000|2002|6500000|2008.0|1.0|0.0|0.0|23.0|31.0|2018.0|
29160229|PASTO                    |0|63.87|3.1847058823529415|136.0|52.410|85.530|42.110|60.810|0.000|59.090|55.400|0.000|51.230|53.800|||||99500.0|19900.0|0.0|0|0|1|0|10000|2007|5000000|2008.0|1.0|2.0|0.0|16.0|25.0|2018.0|
99153250|PASTO                    |1|60.85|3.1763440860215058|142.0|60.000|58.000|59.000|63.000|62.000||||||||||0.0|0.0|0.0|0|||0|0||0|||0.0|0.0|17.0|37.0|2018.0|
215033086|PASTO                    |0|77.15|2.5636363636363635|57.0|61.000|90.000|11.000|94.000|0.000|77.000|68.000|0.000|40.000|58.000|0.000|0.000|0.000|0.000|1|0|0|0|1|1|0|50000|2011|1300000|2013.0|2.0|4.0|1.0|22.0|26.0|2018.0|
215033309|PASTO                    |0|79.7|3.0566666666666666|56.0|81.000|96.000|50.000|83.000|0.000|89.000|55.000|0.000|54.000|68.000|0.000|0.000|0.000|0.000|1|0|0|0|1|1|0|36000|2011|2400000|2013.0|1.0|2.0|0.0|20.0|23.0|2018.0|
215033881|PASTO                    |0|61.75|3.880952380952381|130.0||||||||||||||||||0|8|2|1|0|2011|30228000|2013.0|2.0|1.0|0.0|20.0|23.0|2018.0|
215034410|PASTO                    |0|68.22|2.7703703703703706|47.0|0.000|70.000|0.000|0.000|0.000|0.000|0.000|0.000|55.000|67.000|72.000|65.000|74.000|68.000|1|0|0|1|2|2|0|200000|2014|10000000|2018.0|2.0|1.0|0.0|16.0|19.0|2018.0|
215036010|IPIALES                  |0|50.52|3.0243243243243247|64.0|50.070|49.840|53.920|42.750|0.000|52.160|56.790|0.000|44.740|58.300|0.000|0.000|0.000|0.000|0|0|0|1|1|1|0|56000|2006|8400000|2013.0|1.0|2.0|0.0|24.0|28.0|2018.0|
215155033|TUQUERRES                |0|46.55|2.3310344827586214|40.0|41.000|46.000|40.000|43.000|0.000|50.000|53.000|0.000|53.000|48.000|0.000|0.000|0.000|0.000|0|0|0|0|1|1|0|0|2007|6000000|2013.0|1.0|1.0|0.0|18.0|22.0|2018.0|
216033552|PASTO                    |0|75.68|2.8176470588235296|20.0|0.000|79.000|0.000|0.000|0.000|0.000|0.000|0.000|58.000|59.000|71.000|82.000|86.000|58.000|0|0|0|1|1|2|0|0|2014|6000000|2014.0|2.0|4.0|0.0|21.0|24.0|2018.0|
216034102|PASTO                    |0|66.44|2.491304347826087|40.0|0.000|70.000|0.000|0.000|0.000|0.000|0.000|0.000|52.000|66.000|59.000|75.000|70.000|63.000|0|0|0|0|2|3|0|0|0|11000000|2014.0|1.0|1.0|0.0|20.0|22.0|2018.0|
216034285|PASTO                    |0|65.67|2.963414634146341|71.0|0.000|70.000|0.000|0.000|0.000|0.000|0.000|0.000|49.000|55.000|55.000|78.000|73.000|46.000|0|0|0|1|2|2|0|41900|2010|7200000|2013.0|1.0|2.0|0.0|22.0|25.0|2018.0|
216036094|IPIALES                  |0|62.24|2.5749999999999997|50.0|0.000|68.000|0.000|0.000|0.000|0.000|0.000|0.000|54.000|57.000|60.000|60.000|69.000|59.000|0|0|0|1|2|2|0|0|0|7800000|2014.0|2.0|2.0|0.0|18.0|20.0|2018.0|
216151065|TUMACO                   |0|45.4|2.6058823529411765|49.0|37.000|40.000|45.000|49.000|51.000|44.000|48.000|54.000|48.000|0.000|0.000|0.000|0.000|0.000|0|0|0|1|1|1|1|50000|2003|1000000|2015.0|1.0|3.0|1.0|32.0|35.0|2018.0|
216151079|TUMACO                   |0|39.67|2.8888888888888884|49.0|43.820|36.480|19.690|38.000|0.000|40.900|46.160|0.000|41.640|48.120|0.000|0.000|0.000|0.000|0|0|0|1|1|1|0|95000|2010|7200000|2015.0|1.0|5.0|2.0|24.0|27.0|2018.0|
216155125|TUQUERRES                |0|71.14|3.12|30.0|0.000|68.000|0.000|0.000|0.000|0.000|0.000|0.000|62.000|79.000|63.000|83.000|73.000|76.000|0|0|0|1|1|0|0|0|2015|3800000|2014.0|1.0|1.0|0.0|19.0|21.0|2018.0|
216160287|PASTO                    |0|69.33|3.165384615384615|42.0|0.000|86.000|0.000|0.000|0.000|0.000|0.000|0.000|50.000|62.000|58.000|74.000|73.000|66.000|0|0|0|0|1|1|0|0|2014|6000000|2014.0|1.0|0.0|0.0|19.0|22.0|2018.0|
217033097|PASTO                    |1|79.65|2.8850000000000002|30.0|0.000|86.000|0.000|0.000|0.000|0.000|0.000|0.000|71.000|74.000|80.000|75.000|0.000|0.000|0|0|0|1|2|2|0|0|2016|2300000|2016.0|1.0|1.0|0.0|18.0|20.0|2018.0|
217033258|PASTO                    |0|77.2|3.2399999999999998|23.0|0.000|80.000|0.000|0.000|0.000|0.000|0.000|0.000|90.000|64.000|64.000|84.000|0.000|0.000|0|0|0|1|1|1|0|0|2013|4200000|2016.0|2.0|4.0|0.0|22.0|23.0|2018.0|
217033537|PASTO                    |1|83.25|3.14375|23.0|0.000|91.000|0.000|0.000|0.000|0.000|0.000|0.000|87.000|64.000|80.000|78.000|0.000|0.000|0|0|0|1|2|2|0|0|2015|1300000|2016.0|2.0|4.0|0.0|19.0|20.0|2018.0|
217034032|PASTO                    |0|72.5|2.454999999999999|34.0|0.000|78.000|0.000|0.000|0.000|0.000|0.000|0.000|59.000|65.000|71.000|72.000|0.000|0.000|0|0|0|1|1|1|0|0|2016|6000000|2016.0|1.0|3.0|0.0|20.0|21.0|2018.0|
217034077|PASTO                    |0|73.2|2.988235294117647|29.0|0.000|77.000|0.000|0.000|0.000|0.000|0.000|0.000|77.000|65.000|69.000|71.000|0.000|0.000|0|0|0|1|1|1|0|700000|2016|30240000|2016.0|2.0|3.0|0.0|17.0|18.0|2018.0|
217034155|PASTO                    |0|50.63|1.6866666666666665|20.0|0.000|62.000|0.000|0.000|0.000|0.000|0.000|0.000|44.000|55.000|43.000|46.000|59.000|54.000|0|0|0|1|1|1|0|340000|2014|8273448|2016.0|1.0|1.0|0.0|19.0|21.0|2018.0|
217034191|PASTO                    |1|66.82|1.6777777777777778|11.0|0.000|73.000|0.000|0.000|0.000|0.000|0.000|0.000|50.000|62.000|65.000|68.000|73.000|58.000|0|0|0|1|2|2|0|80000|2005|34000000|2016.0|2.0|2.0|1.0|30.0|31.0|2018.0|
217034252|PASTO                    |1|77.81|3.60625|48.0|0.000|86.000|0.000|0.000|0.000|0.000|0.000|0.000|57.000|78.000|76.000|75.000|90.000|66.000|0|0|0|1|2|3|0|10|2014|44177000|2018.0|3.0|2.0|2.0|19.0|21.0|2018.0|
217034261|PASTO                    |0|68.25|2.8999999999999995|24.0|0.000|62.000|0.000|0.000|0.000|0.000|0.000|0.000|86.000|72.000|69.000|70.000|0.000|0.000|0|0|0|1|3|3|0|250000|2011|35000000|2016.0|2.0|1.0|0.0|21.0|23.0|2018.0|
217034283|PASTO                    |0|69.25|3.15|38.0|0.000|71.000|0.000|0.000|0.000|0.000|0.000|0.000|64.000|68.000|69.000|69.000|0.000|0.000|0|0|0|1|2|2|0|70000|2016|689454|2016.0|1.0|1.0|0.0|18.0|20.0|2018.0|
217034292|PASTO                    |1|66.5|2.778260869565217|36.0|0.000|74.000|0.000|0.000|0.000|0.000|0.000|0.000|61.000|67.000|57.000|66.000|0.000|0.000|0|0|0|1|1|2|0|10000|2015|4200000|2016.0|1.0|0.0|0.0|19.0|21.0|2018.0|
217034313|PASTO                    |1|69.95|1.0|5.0|0.000|77.000|0.000|0.000|0.000|0.000|0.000|0.000|67.000|58.000|59.000|74.000|0.000|0.000|0|0|0|1|2|2|0|0|2015|7200000|2016.0|1.0|3.0|0.0|17.0|19.0|2018.0|
217034446|PASTO                    |1|80.34|3.383333333333333|40.0|0.000|82.000|0.000|0.000|0.000|0.000|0.000|0.000|77.000|74.000|69.000|91.000|84.000|71.000|0|0|0|1|1|1|0|10|2015|7000000|2018.0|1.0|3.0|0.0|17.0|18.0|2018.0|
217036029|IPIALES                  |1|51.0|2.209090909090909|16.0|0.000|54.000|0.000|0.000|0.000|0.000|0.000|0.000|39.000|51.000|47.000|56.000|0.000|0.000|0|0|0|1|1|1|0|100000|2016|22000|2016.0|1.0|5.0|0.0|19.0|20.0|2018.0|
217036043|IPIALES                  |0|53.15|2.638095238095238|32.0|0.000|55.000|0.000|0.000|0.000|0.000|0.000|0.000|53.000|39.000|54.000|52.000|0.000|0.000|0|0|0|1|1|2|0|45000|2011|700000|2016.0|1.0|2.0|0.0|18.0|20.0|2018.0|
217036061|IPIALES                  |0|58.15|2.757894736842105|34.0|0.000|53.000|0.000|0.000|0.000|0.000|0.000|0.000|67.000|58.000|59.000|63.000|0.000|0.000|0|0|0|1|1|1|0|0|2016|700000|2016.0|1.0|1.0|0.0|19.0|21.0|2018.0|
217036067|IPIALES                  |0|53.0|2.5666666666666664|16.0|0.000|50.000|0.000|0.000|0.000|0.000|0.000|0.000|60.000|49.000|51.000|59.000|0.000|0.000|0|0|0|1|1|1|0|0|0|350000|2011.0|1.0|0.0|0.0|17.0|19.0|2018.0|
217151008|TUMACO                   |0|48.72|2.428|34.0|0.000|44.000|0.000|0.000|0.000|0.000|0.000|0.000|44.000|45.000|51.000|53.000|49.000|41.000|0|0|0|1|1|1|0|0|2015|650000|2016.0|1.0|4.0|0.0|18.0|20.0|2018.0|
217151029|TUMACO                   |0|46.0|1.6636363636363634|9.0|0.000|46.000|0.000|0.000|0.000|0.000|0.000|0.000|49.000|47.000|43.000|48.000|0.000|0.000|0|0|0|1|2|1|0|0|2016|4320000|2016.0|1.0|0.0|0.0|18.0|19.0|2018.0|
217151031|TUMACO                   |1|42.35|2.4909090909090907|15.0|39.000|47.000|30.000|40.000|0.000|45.000|40.000|0.000|37.000|44.000|0.000|0.000|0.000|0.000|0|0|0|1|1|1|0|0|2013|14400000|2016.0|1.0|2.0|0.0|22.0|23.0|2018.0|
217151043|TUMACO                   |0|52.05|2.8058823529411767|30.0|0.000|50.000|0.000|0.000|0.000|0.000|0.000|0.000|58.000|47.000|54.000|52.000|0.000|0.000|0|0|0|1|1|1|0|360000|2016|12000000|2016.0|1.0|0.0|0.0|17.0|19.0|2018.0|
217151047|TUMACO                   |0|47.23|2.5|14.0|0.000|49.000|0.000|0.000|0.000|0.000|0.000|0.000|45.000|50.000|45.000|47.000|49.000|54.000|0|0|0|1|1|1|0|15000|2014|25000000|2014.0|3.0|6.0|0.0|22.0|23.0|2018.0|
217155097|PASTO                    |1|67.25|3.048|48.0|0.000|69.000|0.000|0.000|0.000|0.000|0.000|0.000|56.000|65.000|73.000|64.000|0.000|0.000|0|0|0|1|1|0|0|0|2012|2750000|2015.0|1.0|2.0|0.0|22.0|24.0|2018.0|
217160061|PASTO                    |0|70.4|2.7899999999999996|13.0|0.000|72.000|0.000|0.000|0.000|0.000|0.000|0.000|65.000|61.000|69.000|74.000|0.000|0.000|0|0|0|1|2|2|0|10|2017|9600000|2018.0|3.0|2.0|1.0|18.0|19.0|2018.0|
217160144|PASTO                    |0|68.5|2.9400000000000004|34.0|0.000|71.000|0.000|0.000|0.000|0.000|0.000|0.000|73.000|65.000|59.000|74.000|0.000|0.000|0|0|0|1|2|2|0|250000|2016|25000000|2016.0|1.0|1.0|0.0|19.0|20.0|2018.0|
217160145|PASTO                    |0|71.65|1.7249999999999999|5.0|0.000|78.000|0.000|0.000|0.000|0.000|0.000|0.000|60.000|73.000|64.000|74.000|0.000|0.000|0|0|0|0|2|2|1|0|2014|8400000|2016.0|2.0|2.0|0.0|21.0|22.0|2018.0|
217160197|PASTO                    |0|68.62|2.3411764705882354|16.0|0.000|76.000|0.000|0.000|0.000|0.000|0.000|0.000|54.000|60.000|67.000|68.000|75.000|61.000|0|0|0|1|2|1|0|0|2015|7200000|2016.0|2.0|1.0|0.0|18.0|20.0|2018.0|
217160264|PASTO                    |0|70.0|3.125|50.0|0.000|77.000|0.000|0.000|0.000|0.000|0.000|0.000|64.000|59.000|65.000|68.000|0.000|0.000|0|0|0|1|1|1|0|0|2014|7000000|2016.0|2.0|1.0|1.0|22.0|24.0|2018.0|
217160324|PASTO                    |0|75.67|2.6249999999999996|14.0|0.000|93.000|0.000|0.000|0.000|0.000|0.000|0.000|59.000|70.000|65.000|68.000|96.000|71.000|0|0|0|1|2|0|0|5000|2014|2160000|2015.0|1.0|1.0|0.0|18.0|19.0|2018.0|
217160383|PASTO                    |0|74.91|3.0035714285714286|43.0|0.000|77.000|0.000|0.000|0.000|0.000|0.000|0.000|79.000|59.000|72.000|78.000|74.000|62.000|0|0|0|1|2|2|0|0|2014|12000000|2015.0|1.0|1.0|0.0|19.0|20.0|2018.0|
218033016|PASTO                    |0|75.5|2.8|17.0|0.000|78.000|0.000|0.000|0.000|0.000|0.000|0.000|79.000|81.000|69.000|76.000|0.000|0.000|0|0|0|0|4|4|0|10|2017|95|2016.0|2.0|0.0|0.0|16.0|17.0|2018.0|
218033171|PASTO                    |1|75.8|3.891666666666667|36.0|0.000|76.000|0.000|0.000|0.000|0.000|0.000|0.000|75.000|79.000|66.000|85.000|0.000|0.000|0|0|0|0|2|2|0|10|2016|10|2016.0|1.0|1.0|0.0|18.0|19.0|2018.0|
218033173|PASTO                    |0|77.7|1.92|8.0|0.000|78.000|0.000|0.000|0.000|0.000|0.000|0.000|83.000|77.000|80.000|73.000|0.000|0.000|0|0|0|1|1|3|0|10|2016|85|2016.0|1.0|2.0|0.0|18.0|18.0|2018.0|
218033206|PASTO                    |0|73.95|2.9333333333333336|15.0|0.000|73.000|0.000|0.000|0.000|0.000|0.000|0.000|67.000|79.000|66.000|85.000|0.000|0.000|0|0|0|0|1|1|0|10|2017|6000000|2016.0|1.0|1.0|0.0|19.0|20.0|2018.0|
218033254|PASTO                    |0|79.2|2.41|19.0|0.000|84.000|0.000|0.000|0.000|0.000|0.000|0.000|81.000|74.000|74.000|78.000|0.000|0.000|0|0|0|1|2|1|0|5000|2016|12000000|2016.0|2.0|2.0|1.0|19.0|19.0|2018.0|
218033263|PASTO                    |0|80.07|4.357142857142857|20.0|0.000|90.000|0.000|0.000|0.000|0.000|0.000|0.000|77.000|86.000|61.000|84.000|94.000|72.000|0|0|0|1|1|2|0|10|2015|2000000|2018.0|1.0|1.0|0.0|18.0|18.0|2018.0|
218033299|PASTO                    |1|79.55|2.7600000000000002|11.0|0.000|84.000|0.000|0.000|0.000|0.000|0.000|0.000|77.000|74.000|81.000|74.000|0.000|0.000|0|0|0|0|3|3|0|10|2016|55|2016.0|2.0|2.0|0.0|18.0|18.0|2018.0|
218033305|PASTO                    |0|0.0|3.4|3.0|0.000|0.000|0.000|0.000|0.000|0.000|0.000|0.000|0.000|0.000|0.000|0.000|0.000|0.000|0|0|0|1|9|5|1|6517050|2013|2147483647|2013.0|8.0|17.0|13.0|18.0|18.0|2018.0|
218033341|PASTO                    |1|80.9|4.385714285714286|18.0|0.000|84.000|0.000|0.000|0.000|0.000|0.000|0.000|81.000|73.000|83.000|76.000|0.000|0.000|0|0|0|1|1|2|1|10|2012|2400000|2016.0|2.0|0.0|0.0|22.0|23.0|2018.0|
218033357|PASTO                    |0|75.37|2.62|9.0|0.000|96.000|0.000|0.000|0.000|0.000|0.000|0.000|57.000|52.000|63.000|72.000|94.000|53.000|0|0|0|1|1|2|0|10|2017|12000000|2016.0|2.0|0.0|0.0|23.0|23.0|2018.0|
218033415|PASTO                    |0|72.95|3.3071428571428574|27.0|0.000|71.000|0.000|0.000|0.000|0.000|0.000|0.000|65.000|77.000|66.000|85.000|0.000|0.000|0|0|0|1|1|1|0|10|2015|1800000|2016.0|1.0|1.0|1.0|20.0|20.0|2018.0|
218033502|PASTO                    |0|71.23|1.075|4.0|0.000|81.000|0.000|0.000|0.000|0.000|0.000|0.000|58.000|64.000|62.000|76.000|77.000|63.000|0|0|0|1|2|2|0|100000|2011|12400000|2018.0|1.0|1.0|0.0|23.0|23.0|2018.0|
218033557|PASTO                    |0|79.25|3.7600000000000002|14.0|0.000|83.000|0.000|0.000|0.000|0.000|0.000|0.000|82.000|100.000|75.000|73.000|0.000|0.000|0|0|0|0|1|1|0|10|2017|55|2018.0|1.0|0.0|0.0|21.0|21.0|2018.0|
218033566|PASTO                    |0|78.6|1.075|4.0|0.000|75.000|0.000|0.000|0.000|0.000|0.000|0.000|57.000|73.000|100.000|72.000|0.000|0.000|0|0|0|0|1|1|0|10|2016|85|2016.0|2.0|1.0|0.0|18.0|18.0|2018.0|
218033584|PASTO                    |0|0.0|||0.000|78.000|0.000|0.000|0.000|0.000|0.000|0.000|79.000|69.000|79.000|79.000|0.000|0.000|0|0|0|0|0|0|0|0|0|6500000|0.0|2.0|1.0|0.0|24.0|25.0|2018.0|
218033585|PASTO                    |1|0.0|4.128571428571428|19.0|0.000|0.000|0.000|0.000|0.000|0.000|0.000|0.000|0.000|0.000|0.000|0.000|0.000|0.000|0|0|0|0|0|0|0|0|0|0|0.0|1.0|3.0|0.0|22.0|22.0|2018.0|
218034010|PASTO                    |0|84.09|3.557142857142857|17.0|0.000|83.000|0.000|0.000|0.000|0.000|0.000|0.000|95.000|92.000|76.000|87.000|86.000|79.000|0|0|0|1|4|4|0|10|2012|100|2016.0|1.0|0.0|0.0|22.0|23.0|2018.0|
218034013|PASTO                    |0|68.0|2.957142857142857|11.0|0.000|72.000|0.000|0.000|0.000|0.000|0.000|0.000|60.000|63.000|65.000|69.000|0.000|0.000|0|0|0|1|1|1|0|10|2017|15|2018.0|1.0|1.0|0.0|17.0|17.0|2018.0|
218034025|PASTO                    |0|69.5|2.1833333333333336|19.0|0.000|80.000|0.000|0.000|0.000|0.000|0.000|0.000|55.000|77.000|63.000|62.000|0.000|0.000|0|0|0|0|1|3|0|20|2015|100|2016.0|1.0|2.0|0.0|20.0|21.0|2018.0|
218034027|PASTO                    |1|66.0|2.4214285714285713|24.0|0.000|61.000|0.000|0.000|0.000|0.000|0.000|0.000|74.000|70.000|70.000|66.000|0.000|0.000|0|0|0|1|3|3|0|10|2017|10|2016.0|1.0|1.0|0.0|17.0|18.0|2018.0|
218034038|PASTO                    |0|66.65|2.5000000000000004|17.0|0.000|69.000|0.000|0.000|0.000|0.000|0.000|0.000|60.000|63.000|70.000|62.000|0.000|0.000|0|0|0|1|2|2|0|10|2017|10|2016.0|1.0|3.0|1.0|18.0|18.0|2018.0|
218034073|PASTO                    |0|69.85|1.5666666666666664|4.0|0.000|74.000|0.000|0.000|0.000|0.000|0.000|0.000|57.000|64.000|63.000|78.000|0.000|0.000|0|0|0|1|1|0|0|10|2016|5000000|2016.0|1.0|4.0|0.0|19.0|20.0|2018.0|
218034103|PASTO                    |0|69.8|0.6833333333333332|4.0|0.000|78.000|0.000|0.000|0.000|0.000|0.000|0.000|49.000|64.000|66.000|70.000|0.000|0.000|0|0|0|1|9|2|0|10000|2014|6000000|2016.0|1.0|6.0|1.0|22.0|23.0|2018.0|
218034150|PASTO                    |0|65.5|3.0666666666666664|11.0|0.000|66.000|0.000|0.000|0.000|0.000|0.000|0.000|69.000|63.000|61.000|69.000|0.000|0.000|0|0|0|1|3|0|0|15|2011|85|2016.0|3.0|2.0|2.0|24.0|24.0|2018.0|
218034165|PASTO                    |0|66.8|2.341666666666667|20.0|0.000|73.000|0.000|0.000|0.000|0.000|0.000|0.000|60.000|58.000|58.000|71.000|0.000|0.000|0|0|0|1|2|2|1|60|2003|25|2016.0|3.0|1.0|0.0|31.0|31.0|2018.0|
218034192|PASTO                    |1|66.35|2.842857142857143|11.0|0.000|68.000|0.000|0.000|0.000|0.000|0.000|0.000|58.000|65.000|66.000|68.000|0.000|0.000|0|0|0|1|2|2|0|10|2017|10|2016.0|2.0|2.0|0.0|17.0|17.0|2018.0|
218034226|PASTO                    |1|74.4|2.9166666666666665|10.0|0.000|79.000|0.000|0.000|0.000|0.000|0.000|0.000|67.000|73.000|69.000|76.000|0.000|0.000|0|0|0|1|1|1|0|10|2017|75|2018.0|2.0|3.0|0.0|17.0|17.0|2018.0|
218034269|PASTO                    |0|67.15|1.1166666666666667|4.0|0.000|75.000|0.000|0.000|0.000|0.000|0.000|0.000|64.000|67.000|56.000|67.000|0.000|0.000|0|0|0|1|1|1|0|15|2017|8400000|2016.0|5.0|3.0|1.0|18.0|19.0|2018.0|
218034273|PASTO                    |0|57.15|0.7000000000000001|4.0|0.000|54.000|0.000|0.000|0.000|0.000|0.000|0.000|52.000|59.000|64.000|57.000|0.000|0.000|0|0|0|0|1|1|0|10|2017|10|2016.0|1.0|1.0|0.0|17.0|18.0|2018.0|
218034289|PASTO                    |0|72.65|1.4000000000000001|4.0|0.000|72.000|0.000|0.000|0.000|0.000|0.000|0.000|64.000|79.000|66.000|85.000|0.000|0.000|0|0|0|1|3|3|0|15|2016|85|2016.0|1.0|1.0|0.0|19.0|20.0|2018.0|
218034327|PASTO                    |0|68.0|2.3375|9.0|0.000|73.000|0.000|0.000|0.000|0.000|0.000|0.000|75.000|59.000|59.000|68.000|0.000|0.000|0|0|0|1|1|1|0|10|2017|15|2016.0|1.0|1.0|0.0|17.0|17.0|2018.0|
218034377|PASTO                    |0|69.6|0.8166666666666665|4.0|0.000|72.000|0.000|0.000|0.000|0.000|0.000|0.000|59.000|75.000|71.000|67.000|0.000|0.000|0|0|0|1|1|0|0|10|2017|10|2016.0|1.0|0.0|0.0|17.0|18.0|2018.0|
218034401|PASTO                    |0|71.75|3.558333333333333|28.0|0.000|69.000|0.000|0.000|0.000|0.000|0.000|0.000|67.000|79.000|66.000|85.000|0.000|0.000|0|0|0|1|2|2|0|95000|2014|12000000|2016.0|1.0|2.0|0.0|21.0|22.0|2018.0|
218034405|PASTO                    |0|0.0|3.8200000000000003|9.0|0.000|0.000|0.000|0.000|0.000|0.000|0.000|0.000|0.000|0.000|0.000|0.000|0.000|0.000|0|0|0|1|9|5|1|6517050|2013|2147483647|2013.0|8.0|17.0|13.0|21.0|21.0|2018.0|
218034406|PASTO                    |0|0.0|3.8200000000000003|9.0|0.000|0.000|0.000|0.000|0.000|0.000|0.000|0.000|0.000|0.000|0.000|0.000|0.000|0.000|0|0|0|0|1|1|0|0|0|18000000|0.0|1.0|1.0|0.0|22.0|22.0|2018.0|
218034408|PASTO                    |0|0.0|4.5600000000000005|13.0|0.000|0.000|0.000|0.000|0.000|0.000|0.000|0.000|0.000|0.000|0.000|0.000|0.000|0.000|0|0|0|1|9|5|1|6517050|2013|2147483647|2013.0|8.0|17.0|13.0|21.0|21.0|2018.0|
218036002|IPIALES                  |0|59.4|2.825|13.0|0.000|52.000|0.000|0.000|0.000|0.000|0.000|0.000|61.000|59.000|71.000|59.000|0.000|0.000|0|0|0|1|0|0|0|10|2018|10|2018.0|2.0|1.0|0.0|19.0|20.0|2018.0|
218036003|IPIALES                  |0|55.65|2.8428571428571425|13.0|0.000|55.000|0.000|0.000|0.000|0.000|0.000|0.000|58.000|54.000|51.000|62.000|0.000|0.000|0|0|0|1|1|0|0|10|2017|35|2016.0|1.0|3.0|0.0|18.0|19.0|2018.0|
218036011|IPIALES                  |0|64.2|0.9333333333333335|4.0|0.000|71.000|0.000|0.000|0.000|0.000|0.000|0.000|52.000|60.000|64.000|58.000|0.000|0.000|0|0|0|1|2|1|0|10|2016|3000000|2016.0|1.0|1.0|0.0|18.0|19.0|2018.0|
218036027|IPIALES                  |1|57.25|2.433333333333333|7.0|0.000|60.000|0.000|0.000|0.000|0.000|0.000|0.000|41.000|57.000|62.000|54.000|0.000|0.000|0|0|0|1|1|1|0|10|2017|10|2016.0|1.0|0.0|0.0|18.0|18.0|2018.0|
218036037|IPIALES                  |0|60.05|2.728571428571428|9.0|0.000|64.000|0.000|0.000|0.000|0.000|0.000|0.000|54.000|59.000|54.000|63.000|0.000|0.000|0|0|0|1|1|1|0|10|2017|10|2016.0|1.0|4.0|0.0|17.0|18.0|2018.0|
218036040|IPIALES                  |0|61.4|1.1714285714285713|4.0|0.000|63.000|0.000|0.000|0.000|0.000|0.000|0.000|64.000|57.000|59.000|61.000|0.000|0.000|0|0|0|1|1|0|0|10|2017|95|2016.0|1.0|2.0|0.0|16.0|17.0|2018.0|
218036041|IPIALES                  |0|65.65|2.29|15.0|0.000|68.000|0.000|0.000|0.000|0.000|0.000|0.000|64.000|61.000|60.000|70.000|0.000|0.000|0|0|0|1|2|2|0|10|2016|7000000|2016.0|1.0|1.0|0.0|17.0|18.0|2018.0|
218036049|IPIALES                  |0|55.45|0.7333333333333333|4.0|0.000|53.000|0.000|0.000|0.000|0.000|0.000|0.000|49.000|67.000|56.000|60.000|0.000|0.000|0|0|0|1|1|0|0|15|2017|10|2016.0|1.0|1.0|0.0|17.0|18.0|2018.0|
218036065|IPIALES                  |0|61.25|2.6500000000000004|13.0|0.000|61.000|0.000|0.000|0.000|0.000|0.000|0.000|55.000|53.000|62.000|66.000|0.000|0.000|0|0|0|1|1|1|0|10|2017|35|2016.0|1.0|3.0|0.0|17.0|17.0|2018.0|
218036087|IPIALES                  |1|63.5|2.028571428571429|5.0|0.000|64.000|0.000|0.000|0.000|0.000|0.000|0.000|53.000|65.000|63.000|68.000|0.000|0.000|0|0|0|1|9|2|1|52000|2016|6000000|2016.0|6.0|4.0|0.0|21.0|21.0|2018.0|
218036103|IPIALES                  |1|66.95|0.7166666666666667|4.0|0.000|65.000|0.000|0.000|0.000|0.000|0.000|0.000|59.000|57.000|72.000|71.000|0.000|0.000|0|0|0|1|1|0|0|15|2012|15|2016.0|1.0|1.0|1.0|18.0|18.0|2018.0|
218036104|IPIALES                  |1|58.05|0.25|0.0|0.000|58.000|0.000|0.000|0.000|0.000|0.000|0.000|48.000|59.000|58.000|63.000|0.000|0.000|0|0|0|1|1|0|0|10|2017|10|2016.0|2.0|0.0|0.0|17.0|17.0|2018.0|
218036117|IPIALES                  |0|69.7|4.042857142857143|24.0|0.000|75.000|0.000|0.000|0.000|0.000|0.000|0.000|70.000|61.000|61.000|72.000|0.000|0.000|0|0|0|1|1|1|0|10|2005|10|2016.0|1.0|2.0|0.0|17.0|17.0|2018.0|
218036124|IPIALES                  |0|61.95|2.1333333333333333|4.0|0.000|61.000|0.000|0.000|0.000|0.000|0.000|0.000|61.000|57.000|68.000|58.000|0.000|0.000|0|0|0|1|2|2|0|15|2016|100|2016.0|1.0|3.0|0.0|17.0|17.0|2018.0|
218036126|IPIALES                  |0|54.45|0.06|0.0|0.000|59.000|0.000|0.000|0.000|0.000|0.000|0.000|37.000|57.000|50.000|59.000|0.000|0.000|0|0|0|1|1|0|0|10|2017|10|2016.0|1.0|1.0|0.0|20.0|21.0|2018.0|
218036134|IPIALES                  |0|54.4|0.7166666666666667|4.0|0.000|59.000|0.000|0.000|0.000|0.000|0.000|0.000|58.000|45.000|43.000|60.000|0.000|0.000|0|0|0|1|2|0|0|10|2013|100|2016.0|2.0|1.0|0.0|21.0|22.0|2018.0|
218151001|TUMACO                   |0|55.8|1.5166666666666668|4.0|58.000|65.000|49.000|53.000|0.000|57.000|54.000|0.000|48.000|43.000|0.000|0.000|0.000|0.000|0|0|0|0|1|1|0|10|2017|15|2016.0|1.0|1.0|0.0|20.0|20.0|2018.0|
218151018|TUMACO                   |0|60.7|3.0833333333333335|13.0|0.000|62.000|0.000|0.000|0.000|0.000|0.000|0.000|50.000|61.000|61.000|63.000|0.000|0.000|0|0|0|1|1|1|0|10|2017|10|2016.0|1.0|2.0|0.0|17.0|17.0|2018.0|
218151019|TUMACO                   |1|51.8|3.042857142857143|12.0|0.000|57.000|0.000|0.000|0.000|0.000|0.000|0.000|53.000|43.000|49.000|48.000|58.000|43.000|0|0|0|1|1|2|0|10|2015|10|2016.0|1.0|2.0|0.0|0.0|1.0|2018.0|
218151038|TUMACO                   |0|60.4|0.2|0.0|0.000|62.000|0.000|0.000|0.000|0.000|0.000|0.000|43.000|59.000|67.000|58.000|0.000|0.000|0|0|0|1|7|0|0|10|2017|10|2016.0|2.0|8.0|0.0|19.0|20.0|2018.0|
218151051|TUMACO                   |1|44.0|0.4|0.0|50.070|45.010|33.320|48.410|0.000|41.620|40.570|0.000|38.310|41.430|0.000|0.000|0.000|0.000|0|0|0|1|1|0|0|10|2001|75|2016.0|2.0|2.0|1.0|36.0|36.0|2018.0|
218151056|TUMACO                   |1|39.05|0.2857142857142857|0.0|37.000|40.000|30.000|37.000|0.000|39.000|50.000|0.000|47.000|31.000|0.000|0.000|0.000|0.000|0|0|0|1|1|1|0|10|2013|10|2016.0|1.0|3.0|0.0|21.0|22.0|2018.0|
218151064|TUMACO                   |0|44.45|0.6|0.0|0.000|47.000|0.000|0.000|0.000|0.000|0.000|0.000|47.000|47.000|40.000|43.000|0.000|0.000|0|0|0|0|0|0|1|10|2017|10|2016.0|1.0|1.0|1.0|40.0|41.0|2018.0|
218151078|TUMACO                   |1|42.6|2.2307692307692304|23.0|38.000|42.000|35.000|51.000|40.000|41.000|38.000|37.000|42.000|0.000|0.000|0.000|0.000|0.000|0|0|0|1|2|2|1|50000|2002|11960000|2016.0|2.0|7.0|2.0|33.0|34.0|2018.0|
218151082|TUMACO                   |1|48.73|3.4999999999999996|19.0|0.000|46.000|0.000|0.000|0.000|0.000|0.000|0.000|51.000|46.000|47.000|51.000|51.000|45.000|0|0|0|1|1|1|0|10|2014|15|2018.0|2.0|4.0|3.0|20.0|20.0|2018.0|
218151093|TUMACO                   |0|42.75|0.125|0.0|37.000|46.000|26.000|44.000|0.000|43.000|45.000|0.000|40.000|39.000|0.000|0.000|0.000|0.000|0|0|0|1|1|1|0|10|2017|7000000|2016.0|2.0|3.0|0.0|23.0|24.0|2018.0|
218151095|TUMACO                   |0|38.15|3.0000000000000004|27.0|36.000|38.000|29.000|38.000|0.000|38.000|46.000|0.000|47.000|33.000|0.000|0.000|0.000|0.000|0|0|0|1|1|1|0|10|2012|10|2016.0|1.0|1.0|0.0|23.0|24.0|2018.0|
218151104|TUMACO                   |0|53.0|1.1|2.0|0.000|57.000|0.000|0.000|0.000|0.000|0.000|0.000|45.000|50.000|56.000|46.000|0.000|0.000|0|0|0|1|1|1|0|120000|2017|19000000|2016.0|2.0|4.0|0.0|18.0|19.0|2018.0|
218155001|TUQUERRES                |0|71.45|2.88|20.0|0.000|70.000|0.000|0.000|0.000|0.000|0.000|0.000|66.000|67.000|74.000|74.000|0.000|0.000|0|0|0|1|1|1|0|10|2017|100|2016.0|3.0|8.0|3.0|17.0|18.0|2018.0|
218155105|PASTO                    |0|74.23|3.72|25.0|0.000|82.000|0.000|0.000|0.000|0.000|0.000|0.000|70.000|65.000|63.000|74.000|89.000|64.000|0|0|0|1|2|2|0|10|2018|7300000|2018.0|2.0|2.0|0.0|1.0|1.0|2018.0|
218155129|TUQUERRES                |1|71.8|2.875|11.0|0.000|79.000|0.000|0.000|0.000|0.000|0.000|0.000|81.000|66.000|57.000|74.000|0.000|0.000|0|0|0|1|1|1|1|112500|2017|9000000|2016.0|1.0|1.0|1.0|19.0|19.0|2018.0|
218155145|TUQUERRES                |0|68.95|3.871428571428571|20.0|0.000|73.000|0.000|0.000|0.000|0.000|0.000|0.000|55.000|73.000|64.000|73.000|0.000|0.000|0|0|0|1|1|1|1|10|2016|15|2018.0|2.0|0.0|0.0|18.0|19.0|2018.0|
218155182|TUQUERRES                |0|70.25|4.075|36.0|0.000|71.000|0.000|0.000|0.000|0.000|0.000|0.000|67.000|69.000|65.000|76.000|0.000|0.000|0|0|0|0|1|0|0|10|2016|10|2016.0|2.0|1.0|0.0|19.0|19.0|2018.0|
218155191|TUQUERRES                |0|69.2|2.621428571428571|21.0|0.000|77.000|0.000|0.000|0.000|0.000|0.000|0.000|55.000|65.000|63.000|71.000|0.000|0.000|0|0|0|1|2|0|0|10|2016|95|2016.0|1.0|1.0|0.0|18.0|19.0|2018.0|
218155213|TUQUERRES                |0|72.6|2.2800000000000002|8.0|0.000|72.000|0.000|0.000|0.000|0.000|0.000|0.000|67.000|79.000|66.000|81.000|0.000|0.000|0|0|0|1|1|1|0|10|2014|75|2018.0|1.0|0.0|0.0|21.0|21.0|2018.0|
218155231|TUQUERRES                |1|74.3|3.0631578947368423|49.0|0.000|74.000|0.000|0.000|0.000|0.000|0.000|0.000|67.000|79.000|66.000|85.000|0.000|0.000|0|0|0|1|1|3|1|10|2011|7800000|2016.0|1.0|0.0|0.0|24.0|25.0|2018.0|
218160004|PASTO                    |0|69.5|2.329411764705882|13.0|0.000|72.000|0.000|0.000|0.000|0.000|0.000|0.000|68.000|70.000|63.000|73.000|0.000|0.000|0|0|0|1|2|2|0|10|2017|100|2016.0|1.0|1.0|0.0|17.0|18.0|2018.0|
218160019|PASTO                    |0|70.3|2.3000000000000003|2.0|0.000|64.000|0.000|0.000|0.000|0.000|0.000|0.000|47.000|59.000|100.000|61.000|0.000|0.000|0|0|0|1|1|1|0|10|2016|10|2018.0|3.0|2.0|0.0|19.0|19.0|2018.0|
218160031|PASTO                    |0|75.5|1.3888888888888888|8.0|0.000|76.000|0.000|0.000|0.000|0.000|0.000|0.000|78.000|72.000|77.000|73.000|0.000|0.000|0|0|0|1|3|0|0|10|2017|10|2018.0|1.0|1.0|0.0|18.0|18.0|2018.0|
218160056|PASTO                    |0|71.95|3.8625|16.0|0.000|75.000|0.000|0.000|0.000|0.000|0.000|0.000|75.000|69.000|68.000|71.000|0.000|0.000|0|0|0|1|1|0|0|10|2010|100|2016.0|3.0|1.0|1.0|24.0|25.0|2018.0|
218160062|PASTO                    |0|70.5|3.6000000000000005|20.0|0.000|76.000|0.000|0.000|0.000|0.000|0.000|0.000|71.000|71.000|62.000|71.000|0.000|0.000|0|0|0|1|3|3|0|10|2017|100|2018.0|1.0|2.0|0.0|17.0|17.0|2018.0|
218160105|PASTO                    |0|73.27|2.1999999999999997|10.0|0.000|80.000|0.000|0.000|0.000|0.000|0.000|0.000|70.000|70.000|71.000|68.000|80.000|71.000|0|0|0|1|3|3|0|10|2015|45300000|2018.0|2.0|2.0|1.0|19.0|19.0|2018.0|
218160106|PASTO                    |0|73.6|3.32|27.0|0.000|75.000|0.000|0.000|0.000|0.000|0.000|0.000|71.000|70.000|69.000|78.000|0.000|0.000|0|0|0|1|1|0|0|10|2017|100|2016.0|2.0|4.0|0.0|18.0|18.0|2018.0|
218160114|PASTO                    |0|75.9|3.047058823529412|24.0|0.000|79.000|0.000|0.000|0.000|0.000|0.000|0.000|80.000|75.000|77.000|69.000|0.000|0.000|0|0|0|0|2|2|0|10|2013|15|2016.0|4.0|10.0|1.0|21.0|22.0|2018.0|
218160125|PASTO                    |0|71.8|2.70625|19.0|0.000|79.000|0.000|0.000|0.000|0.000|0.000|0.000|71.000|71.000|62.000|72.000|0.000|0.000|0|0|0|1|2|2|0|10|2016|10|2016.0|2.0|1.0|0.0|18.0|19.0|2018.0|
218160150|PASTO                    |0|77.9|2.3625|9.0|0.000|77.000|0.000|0.000|0.000|0.000|0.000|0.000|84.000|81.000|78.000|76.000|0.000|0.000|0|0|0|1|1|1|0|10|2017|100|2018.0|1.0|1.0|0.0|17.0|17.0|2018.0|
218160189|PASTO                    |0|73.35|2.7875|10.0|0.000|77.000|0.000|0.000|0.000|0.000|0.000|0.000|70.000|78.000|73.000|69.000|0.000|0.000|0|0|0|0|1|2|0|10000|2016|200000|2016.0|2.0|0.0|0.0|18.0|19.0|2018.0|
218160216|PASTO                    |0|73.3|3.375|28.0|0.000|74.000|0.000|0.000|0.000|0.000|0.000|0.000|55.000|78.000|76.000|76.000|0.000|0.000|0|0|0|1|3|3|0|10|2017|15|2016.0|1.0|0.0|0.0|17.0|18.0|2018.0|
218160217|PASTO                    |0|69.05|0.9142857142857143|4.0|0.000|69.000|0.000|0.000|0.000|0.000|0.000|0.000|68.000|67.000|72.000|67.000|0.000|0.000|0|0|0|1|1|0|0|10|2017|55|2016.0|1.0|2.0|0.0|19.0|19.0|2018.0|
218160236|PASTO                    |0|72.6|2.1999999999999997|8.0|0.000|78.000|0.000|0.000|0.000|0.000|0.000|0.000|72.000|72.000|65.000|73.000|0.000|0.000|0|0|0|1|2|2|0|10|2016|6000000|2016.0|2.0|5.0|3.0|18.0|18.0|2018.0|
218160249|PASTO                    |0|80.35|3.766666666666667|25.0|0.000|74.000|0.000|0.000|0.000|0.000|0.000|0.000|78.000|78.000|71.000|100.000|0.000|0.000|0|0|0|1|2|2|0|10|2017|95|2018.0|2.0|1.0|0.0|17.0|18.0|2018.0|
218160272|PASTO                    |1|70.4|3.5875|16.0|0.000|67.000|0.000|0.000|0.000|0.000|0.000|0.000|95.000|69.000|70.000|66.000|0.000|0.000|0|0|0|1|4|4|0|60|2017|100|2018.0|1.0|1.0|1.0|17.0|17.0|2018.0|
218160275|PASTO                    |0|69.8|0.9571428571428572|4.0|0.000|71.000|0.000|0.000|0.000|0.000|0.000|0.000|61.000|77.000|72.000|68.000|0.000|0.000|0|0|0|1|2|2|0|10|2017|85|2018.0|1.0|1.0|1.0|17.0|17.0|2018.0|
218160310|PASTO                    |0|73.15|1.4857142857142858|4.0|0.000|70.000|0.000|0.000|0.000|0.000|0.000|0.000|68.000|72.000|76.000|77.000|0.000|0.000|0|0|0|1|2|2|0|10|2017|15|2016.0|1.0|0.0|0.0|16.0|16.0|2018.0|
218160321|PASTO                    |1|75.6|1.5999999999999999|9.0|0.000|75.000|0.000|0.000|0.000|0.000|0.000|0.000|79.000|84.000|73.000|76.000|0.000|0.000|0|0|0|1|2|0|0|10|2016|95|2016.0|1.0|0.0|0.0|18.0|19.0|2018.0|
218160351|PASTO                    |0|74.9|2.5937499999999996|26.0|0.000|78.000|0.000|0.000|0.000|0.000|0.000|0.000|81.000|70.000|74.000|70.000|0.000|0.000|0|0|0|1|2|2|0|30|2016|100|2016.0|1.0|0.0|0.0|18.0|19.0|2018.0|
2101511052|PASTO                    |1|0.0|3.021794871794872|160.0|42.500|42.620|52.110|43.640|0.000|46.960|45.570|0.000|38.950|40.350|||||0.0|0.0|0.0|0|||0|0|2018|0|2018.0|0.0|0.0|0.0|19.0|27.0|2018.0|
2101531043|PASTO                    |0|52.31|3.1557142857142866|124.0|48.640|60.820|59.930|46.700|0.000|49.010|55.700|0.000|42.200|42.900|||||0.0|0.0|0.0|1|3|3|0|70000|2007|5204400|2009.0|1.0|1.0|0.0|18.0|26.0|2018.0|
2101531056|PASTO                    |0|50.36|3.2763157894736845|140.0|47.700|55.480|40.900|54.310|0.000|45.740|41.940|0.000|43.480|53.330|||||0.0|0.0|0.0|0|8|0|0|64000|2008|5852683|0.0|1.0|2.0|1.0|18.0|27.0|2018.0|
2101531079|PASTO                    |0|47.9|2.734920634920635|104.0|43.000|43.000|42.000|52.000|48.000|46.000|52.000|56.000|45.000|0.000|||||0.0|0.0|0.0|0|0|2|0|42000|1998|1000000|0.0|2.0|3.0|1.0|29.0|37.0|2018.0|
2101531085|PASTO                    |0|47.5|3.472463768115942|163.0|48.200|47.480|48.980|45.690|0.000|50.500|45.120|0.000|43.480|50.020|||||0.0|0.0|0.0|1|2|2|0|160000|2005|9490000|2009.0|1.0|1.0|1.0|20.0|29.0|2018.0|
2101531099|PASTO                    |0|46.41|3.2171428571428566|136.0|50.990|50.560|49.440|44.880|0.000|43.560|45.180|0.000|44.340|42.130|||||0.0|0.0|0.0|1|2|2|0|45000|2006|6000000|0.0|2.0|1.0|0.0|19.0|28.0|2018.0|
2101531100|PASTO                    |1|46.38|3.0441558441558434|125.0|44.900|43.800|39.520|50.580|0.000|47.620|48.260|0.000|45.940|41.830|||||0.0|0.0|0.0|1|2|2|0|85000|2008|6000000|2009.0|1.0|5.0|0.0|17.0|26.0|2018.0|
2101591024|PASTO                    |0|54.1|3.3153846153846156|150.0|52.410|61.220|52.090|51.080|0.000|49.970|55.400|0.000|39.070|49.960|||||0.0|0.0|0.0|1|0|0|0|0|0|3000000|0.0|1.0|1.0|0.0|18.0|27.0|2018.0|
2101591070|PASTO                    |1|47.99|3.268831168831169|173.0|42.300|48.030|47.610|47.620|0.000|39.860|53.500|0.000|40.500|55.750|||||0.0|0.0|0.0|1|2|2|0|90000|2007|1000000|2009.0|2.0|1.0|0.0|17.0|26.0|2018.0|
2101661007|PASTO                    |0|54.62|2.9276315789473686|94.0|55.090|61.530|36.950|45.150|0.000|60.270|54.540|0.000|50.860|61.200|||||0.0|0.0|0.0|1|2|2|0|0|2008|4320000|2009.0|1.0|1.0|0.0|18.0|26.0|2018.0|
2101661023|PASTO                    |0|49.8|2.905747126436782|173.0|48.790|51.600|46.770|42.590|0.000|54.300|54.540|0.000|56.480|51.500|||||0.0|0.0|0.0|1|2|0|0|130000|2007|600000|0.0|1.0|1.0|0.0|18.0|26.0|2018.0|
2110331163|PASTO                    |0|71.49|3.9000000000000012|169.0|66.770|69.010|51.890|66.680|0.000|103.040|67.920|0.000|52.080|59.870|||||0.0|0.0|0.0|0|9|0|0|0|2009|1200000|2009.0|1.0|1.0|0.0|16.0|23.0|2018.0|
2110331228|PASTO                    |0|68.18|3.8730158730158735|160.0|68.870|78.360|56.820|69.980|0.000|69.140|62.110|0.000|49.660|51.260|||||0.0|0.0|0.0|1|2|2|0|175000|2009|600000|2009.0|1.0|2.0|0.0|17.0|24.0|2018.0|
2110331260|PASTO                    |0|69.33|3.7640624999999996|166.0|83.700|66.170|63.680|69.720|0.000|69.640|73.980|0.000|64.700|64.480|||||0.0|0.0|0.0|1|3|3|0|100000|2009|6695000|0.0|2.0|1.0|0.0|17.0|24.0|2018.0|
2110331392|PASTO                    |0|68.42|4.246031746031747|178.0|71.900|66.170|66.580|69.980|0.000|82.240|59.400|0.000|53.270|62.160|||||0.0|0.0|0.0|1|1|1|0|0|0|240000|0.0|0.0|1.0|0.0|16.0|23.0|2018.0|
2110331529|PASTO                    |0|91.7|3.3768115942028984|197.0|88.690|113.460|84.610|86.470|0.000|93.360|77.100|0.000|47.150|74.860|||||0.0|0.0|0.0|0|9|0|0|80000|2006|3000000|2009.0|2.0|2.0|0.0|21.0|29.0|2018.0|
2110341014|PASTO                    |1|65.37|3.4555555555555566|201.0|65.980|63.500|60.810|63.860|0.000|71.970|73.980|0.000|62.940|53.020|||||0.0|0.0|0.0|0|9|0|0|25000|0|600000|0.0|1.0|3.0|0.0|19.0|26.0|2018.0|
2111601380|PASTO                    |0|73.79|2.694117647058824|72.0|75.160|83.870|54.950|63.860|0.000|86.890|70.870|0.000|73.680|66.870|||||0.0|0.0|0.0|1|2|2|0|180000|2009|3900000|2009.0|1.0|0.0|0.0|17.0|24.0|2018.0|
2120331015|PASTO                    |0|63.75|3.4746268656716426|162.0|68.000|75.000|69.000|56.000|0.000|63.000|58.000|0.000|52.000|60.000|||||0.0|0.0|0.0|0|10|2|0|135000|2010|6600000|2010.0|1.0|4.0|1.0|17.0|23.0|2018.0|
2120331119|PASTO                    |0|63.8|3.1383561643835627|157.0|51.000|85.000|49.000|56.000|0.000|59.000|58.000|0.000|47.000|60.000|||||0.0|0.0|0.0|1|0|0|0|0|2010|7000000|2010.0|1.0|1.0|0.0|17.0|24.0|2018.0|
2120331333|PASTO                    |0|63.6|2.2380952380952386|51.0|79.450|55.710|46.040|76.740|0.000|65.590|57.320|0.000|50.870|57.790|||||0.0|0.0|0.0|1|1|3|0|40000|2003|1500000|2010.0|2.0|1.0|0.0|25.0|32.0|2018.0|
2120331336|PASTO                    |0|73.95|3.991803278688526|161.0|76.000|86.000|53.000|86.000|0.000|62.000|58.000|0.000|60.000|65.000|||||0.0|0.0|0.0|1|3|3|0|25000|2010|9600000|2010.0|2.0|4.0|2.0|17.0|24.0|2018.0|
2120331363|PASTO                    |0|62.2|3.4323529411764704|137.0|63.000|63.000|37.000|77.000|0.000|56.000|54.000|0.000|50.000|57.000|||||0.0|0.0|0.0|1|2|2|0|39000|2008|5000000|2010.0|1.0|2.0|0.0|20.0|27.0|2018.0|
2120331378|PASTO                    |0|64.29|3.911290322580646|152.0|45.470|80.880|44.380|56.130|0.000|63.620|65.420|0.000|61.220|61.850|||||0.0|0.0|0.0|1|2|2|0|24600|2009|11600000|2010.0|1.0|1.0|0.0|18.0|24.0|2018.0|
2120341182|PASTO                    |0|58.2|3.386363636363635|207.0|63.000|64.000|53.000|51.000|0.000|58.000|57.000|0.000|39.000|64.000|||||0.0|0.0|0.0|0|2|1|0|0|2006|6000000|0.0|1.0|4.0|0.0|22.0|28.0|2018.0|
2120341321|PASTO                    |0|57.67|3.6506172839506164|203.0|59.320|63.470|48.750|57.160|0.000|57.270|50.310|0.000|40.120|59.700|||||0.0|0.0|0.0|1|9|2|0|65000|2009|3360000|2010.0|2.0|1.0|0.0|18.0|25.0|2018.0|
2120361030|IPIALES                  |0|49.21|3.6202531645569604|215.0|48.840|58.510|52.110|51.810|0.000|43.190|40.490|0.000|34.200|40.350|||||0.0|0.0|0.0|1|2|2|0|110000|2004|535000|2011.0|2.0|2.0|0.0|22.0|29.0|2018.0|
2120361031|IPIALES                  |1|52.1|2.976811594202899|140.0|45.000|49.000|53.000|59.000|0.000|44.000|54.000|0.000|49.000|55.000|||||0.0|0.0|0.0|1|0|0|0|75000|2010|2640000|2011.0|1.0|3.0|0.0|17.0|24.0|2018.0|
2120361057|IPIALES                  |1|50.8|3.5518072289156626|215.0|51.000|53.000|48.000|51.000|0.000|52.000|49.000|0.000|47.000|47.000|||||0.0|0.0|0.0|1|1|1|0|23000|2010|1200000|2011.0|1.0|1.0|0.0|18.0|25.0|2018.0|
2120361087|IPIALES                  |0|49.64|3.778205128205127|215.0|53.240|50.460|47.310|52.290|0.000|50.150|41.630|0.000|42.760|51.540|||||0.0|0.0|0.0|1|2|2|0|75000|2009|3600000|2011.0|2.0|2.0|0.0|18.0|25.0|2018.0|
2120361120|IPIALES                  |0|54.43|3.43448275862069|207.0|55.210|53.050|42.410|54.740|0.000|57.270|52.400|0.000|51.690|61.510|||||0.0|0.0|0.0|1|3|3|0|90000|2007|29196000|2011.0|2.0|0.0|0.0|22.0|28.0|2018.0|
2121511007|TUMACO                   |1|44.79|3.726582278481013|217.0|47.960|42.340|48.750|38.000|0.000|48.760|50.310|0.000|33.720|50.050|||||0.0|0.0|0.0|1|2|1|0|0|0|21800000|0.0|2.0|2.0|0.0|23.0|30.0|2018.0|
2121511011|TUMACO                   |1|44.48|3.495180722891567|208.0|43.820|50.460|44.910|38.000|0.000|45.050|44.050|0.000|42.760|45.670|||||0.0|0.0|0.0|1|1|1|0|20000|2009|7200000|2011.0|2.0|3.0|0.0|18.0|25.0|2018.0|
2121511048|TUMACO                   |1|46.81|2.8882352941176475|132.0|44.690|52.100|53.100|40.720|0.000|44.070|44.180|0.000|50.130|54.760|||||0.0|0.0|0.0|1|1|1|0|0|0|500000|2011.0|1.0|2.0|0.0|22.0|28.0|2018.0|
2121511063|TUMACO                   |1|47.29|3.8592105263157888|211.0|47.620|46.770|43.150|43.110|0.000|48.740|52.830|0.000|49.220|50.440|||||0.0|0.0|0.0|1|1|2|0|0|2008|13000000|0.0|1.0|4.0|2.0|19.0|25.0|2018.0|
2121511065|TUMACO                   |0|42.35|2.2534883720930234|60.0|37.000|39.000|18.000|52.000|0.000|50.000|35.000|0.000|36.000|41.000|||||0.0|0.0|0.0|1|0|1|0|0|0|6962800|2011.0|1.0|2.0|0.0|16.0|23.0|2018.0|
2121511077|TUMACO                   |0|44.85|3.725|215.0|48.000|42.000|50.000|50.000|41.000|43.000|43.000|40.000|39.000|0.000|||||0.0|0.0|0.0|1|1|1|1|0|1998|7367100|2011.0|1.0|7.0|0.0|34.0|41.0|2018.0|
2121601121|PASTO                    |0|65.5|2.7775510204081626|90.0|68.000|76.000|44.000|69.000|0.000|52.000|69.000|0.000|58.000|55.000|||||0.0|0.0|0.0|0|3|0|0|0|0|20000000|0.0|2.0|1.0|0.0|18.0|25.0|2018.0|
2121601169|PASTO                    |0|62.75|3.2919999999999994|173.0|63.000|64.000|53.000|63.000|0.000|67.000|63.000|0.000|43.000|57.000|||||0.0|0.0|0.0|1|0|0|0|0|0|3120000|0.0|1.0|2.0|0.0|19.0|26.0|2018.0|
2121601200|PASTO                    |0|61.75|3.3499999999999996|161.0|48.000|69.000|49.000|55.000|0.000|67.000|69.000|0.000|43.000|55.000|||||0.0|0.0|0.0|1|9|1|0|25000|2009|5760000|2010.0|1.0|0.0|0.0|17.0|24.0|2018.0|
2121601211|PASTO                    |0|63.01|3.763076923076923|173.0|71.850|63.760|54.450|57.570|0.000|67.300|65.590|0.000|57.270|64.260|||||0.0|0.0|0.0|1|3|3|0|120000|2008|5640000|2010.0|0.0|2.0|0.0|19.0|26.0|2018.0|
2130331028|PASTO                    |0|69.85|3.747457627118643|154.0|57.000|83.000|46.000|71.000|0.000|60.000|76.000|0.000|77.000|58.000|||||0.0|0.0|0.0|0|9|2|0|40000|2010|6780000|2011.0|1.0|3.0|1.0|18.0|24.0|2018.0|
2130331107|PASTO                    |0|69.7|4.235087719298247|159.0|65.000|96.000|55.000|64.000|0.000|62.000|64.000|0.000|68.000|48.000|||||0.0|0.0|0.0|1|2|2|0|0|0|7200000|0.0|3.0|5.0|3.0|17.0|23.0|2018.0|
2130331298|PASTO                    |1|63.25|3.994736842105262|155.0|58.000|90.000|42.000|59.000|0.000|58.000|50.000|0.000|51.000|48.000|||||0.0|0.0|0.0|0|0|0|0|0|2010|12200000|2011.0|2.0|2.0|0.0|18.0|24.0|2018.0|
2130331378|PASTO                    |0|67.4|3.863793103448277|168.0|73.000|76.000|58.000|61.000|0.000|65.000|65.000|0.000|75.000|71.000|||||0.0|0.0|0.0|1|2|2|0|0|2011|7200000|2012.0|1.0|2.0|0.0|18.0|23.0|2018.0|
2130331408|PASTO                    |0|69.25|4.222807017543858|163.0|63.000|85.000|48.000|73.000|0.000|65.000|57.000|0.000|52.000|59.000|||||0.0|0.0|0.0|0|1|2|0|0|2011|13000000|2011.0|1.0|1.0|0.0|17.0|22.0|2018.0|
2130331412|PASTO                    |0|69.15|3.766666666666667|156.0|58.000|79.000|46.000|72.000|0.000|60.000|76.000|0.000|77.000|58.000|||||0.0|0.0|0.0|0|7|3|1|30000|2001|6500000|2011.0|1.0|3.0|2.0|27.0|32.0|2018.0|
2130331439|PASTO                    |1|65.85|3.595238095238095|142.0|56.000|91.000|50.000|64.000|0.000|68.000|52.000|0.000|53.000|38.000|||||0.0|0.0|0.0|1|2|2|0|220000|2010|6000000|2011.0|1.0|1.0|0.0|17.0|23.0|2018.0|
2130331485|PASTO                    |0|67.2|3.7864406779661013|164.0|62.000|85.000|61.000|69.000|0.000|51.000|52.000|0.000|46.000|71.000|||||0.0|0.0|0.0|1|3|3|0|284000|2010|30000000|2011.0|2.0|3.0|0.0|17.0|22.0|2018.0|
2130331555|PASTO                    |0|65.15|3.495161290322581|164.0|54.000|81.000|47.000|59.000|0.000|65.000|59.000|0.000|70.000|65.000|||||0.0|0.0|0.0|1|2|2|0|183000|2011|8372336|0.0|0.0|1.0|0.0|17.0|23.0|2018.0|
2130331595|PASTO                    |0|68.9|3.94655172413793|156.0|70.000|74.000|57.000|69.000|0.000|77.000|59.000|0.000|77.000|64.000|||||0.0|0.0|0.0|1|3|3|0|0|2010|29129522|2011.0|1.0|0.0|0.0|17.0|23.0|2018.0|
2130341077|PASTO                    |0|60.9|3.5839506172839495|208.0|64.000|62.000|45.000|62.000|0.000|67.000|58.000|0.000|65.000|57.000|||||0.0|0.0|0.0|1|1|1|0|0|2011|2000000|2011.0|1.0|1.0|0.0|17.0|23.0|2018.0|
2130341150|PASTO                    |0|58.1|3.5949999999999998|207.0|66.000|57.000|63.000|54.000|0.000|66.000|52.000|0.000|50.000|62.000|||||0.0|0.0|0.0|1|2|2|0|60000|2010|5200000|0.0|1.0|0.0|0.0|17.0|23.0|2018.0|
2130341179|PASTO                    |0|59.75|3.9164556962025334|215.0|59.000|67.000|54.000|57.000|0.000|57.000|61.000|0.000|63.000|54.000|||||0.0|0.0|0.0|1|7|0|1|25000|2010|3600000|2011.0|3.0|1.0|1.0|22.0|28.0|2018.0|
2130341233|PASTO                    |0|59.0|3.422619047619047|207.0|58.000|59.000|41.000|60.000|0.000|53.000|69.000|0.000|39.000|60.000|||||0.0|0.0|0.0|1|1|1|0|30000|2010|7200000|2011.0|1.0|2.0|0.0|19.0|25.0|2018.0|
2130341234|PASTO                    |0|61.35|3.6839506172839496|203.0|49.000|69.000|69.000|66.000|0.000|52.000|54.000|0.000|52.000|58.000|||||0.0|0.0|0.0|1|1|1|0|74000|2010|3100000|0.0|1.0|1.0|0.0|17.0|23.0|2018.0|
2130341378|PASTO                    |0|62.0|3.761333333333333|207.0|54.000|85.000|36.000|59.000|0.000|55.000|55.000|0.000|43.000|50.000|||||0.0|0.0|0.0|1|9|0|0|0|2011|13000000|2011.0|1.0|0.0|0.0|17.0|22.0|2018.0|
2130362059|IPIALES                  |0|51.54|3.9126582278481|207.0|50.630|55.290|37.860|46.700|0.000|54.200|55.700|0.000|41.600|51.310|||||0.0|0.0|0.0|1|3|3|0|46000|2007|13000000|2012.0|2.0|1.0|1.0|22.0|27.0|2018.0|
2131512032|TUMACO                   |1|45.6|3.9783783783783773|211.0|47.000|49.000|37.000|53.000|0.000|40.000|44.000|0.000|40.000|33.000|||||0.0|0.0|0.0|0|0|0|0|0|0|4500000|2012.0|3.0|5.0|0.0|18.0|23.0|2018.0|
2131512048|TUMACO                   |1|42.7|3.8799999999999994|211.0|51.000|40.000|43.000|36.000|0.000|44.000|50.000|0.000|33.000|49.000|||||0.0|0.0|0.0|1|1|1|1|0|0|7074000|2012.0|2.0|2.0|0.0|31.0|36.0|2018.0|
2131551014|PASTO                    |0|58.03|4.025862068965518|164.0|54.550|70.380|47.610|58.400|0.000|51.640|53.240|0.000|57.270|49.960|||||0.0|0.0|0.0|1|1|1|0|0|2008|2000000|2011.0|3.0|3.0|0.0|20.0|26.0|2018.0|
2131551020|PASTO                    |0|57.31|3.2357142857142858|160.0|58.930|57.470|49.200|58.250|0.000|58.820|49.610|0.000|42.760|67.110|||||0.0|0.0|0.0|1|7|0|0|25000|2002|8400000|2011.0|1.0|2.0|0.0|27.0|32.0|2018.0|
2131551029|PASTO                    |1|55.18|3.2176470588235286|161.0|41.480|59.930|56.170|56.250|0.000|48.740|54.570|0.000|47.790|57.510|||||0.0|0.0|0.0|1|1|1|0|65000|2008|8400000|2011.0|1.0|3.0|0.0|21.0|27.0|2018.0|
2131551030|PASTO                    |0|54.7|3.3187499999999988|161.0|49.050|56.430|44.290|50.580|0.000|58.280|58.840|0.000|65.100|57.140|||||0.0|0.0|0.0|1|2|2|1|65000|2008|9100000|2011.0|2.0|2.0|0.0|21.0|26.0|2018.0|
2131551038|PASTO                    |0|53.54|3.387301587301586|161.0|49.940|60.600|44.080|47.050|0.000|54.030|56.230|0.000|41.260|53.840|||||0.0|0.0|0.0|1|9|2|1|0|2006|4000000|2011.0|1.0|1.0|0.0|23.0|28.0|2018.0|
2131551050|PASTO                    |0|52.18|3.5203389830508462|154.0|47.620|68.620|25.890|51.270|0.000|50.780|45.360|0.000|43.480|41.060|||||0.0|0.0|0.0|0|1|0|1|0|2005|3900000|2011.0|1.0|1.0|1.0|23.0|29.0|2018.0|
2131551059|PASTO                    |1|51.38|3.2373134328358204|158.0|51.880|58.380|36.960|44.290|0.000|50.530|54.350|0.000|42.760|55.420|||||0.0|0.0|0.0|1|9|0|0|0|2018|3000000|2018.0|1.0|1.0|1.0|19.0|24.0|2018.0|
2131551073|PASTO                    |0|49.58|3.3084745762711854|79.0|49.340|64.120|30.300|49.760|0.000|44.700|48.380|0.000|42.370|31.670|||||0.0|0.0|0.0|0|7|0|0|0|2000|2108731400|2011.0|1.0|0.0|0.0|28.0|33.0|2018.0|
2131552007|PASTO                    |0|63.0|3.771428571428571|152.0|46.000|78.000|41.000|63.000|0.000|60.000|60.000|0.000|51.000|54.000|||||0.0|0.0|0.0|0|1|1|0|0|2011|14300000|2012.0|1.0|2.0|0.0|17.0|23.0|2018.0|
2131552008|PASTO                    |0|53.75|3.3828124999999996|162.0|47.000|58.000|37.000|55.000|0.000|57.000|53.000|0.000|46.000|48.000|||||0.0|0.0|0.0|1|9|1|0|0|2011|4550000|2012.0|1.0|2.0|0.0|18.0|23.0|2018.0|
2131552013|PASTO                    |0|57.7|3.78867924528302|151.0|49.000|73.000|23.000|66.000|0.000|60.000|43.000|0.000|43.000|39.000|||||0.0|0.0|0.0|1|1|1|0|0|2011|5500000|2012.0|1.0|1.0|0.0|18.0|23.0|2018.0|
2131552018|PASTO                    |0|52.75|3.6610169491525415|149.0|52.000|58.000|41.000|50.000|0.000|50.000|60.000|0.000|51.000|46.000|||||0.0|0.0|0.0|1|1|1|0|0|2011|1950000|2012.0|1.0|2.0|0.0|18.0|24.0|2018.0|
2131552036|PASTO                    |0|55.55|3.772727272727274|164.0|55.000|52.000|36.000|68.000|0.000|55.000|43.000|0.000|52.000|63.000|||||0.0|0.0|0.0|1|1|1|0|0|2010|6500000|2012.0|2.0|1.0|0.0|20.0|25.0|2018.0|
2131552084|PASTO                    |0|57.58|3.2627118644067785|150.0|70.810|58.130|41.050|58.930|0.000|54.010|53.220|0.000|52.090|66.380|||||0.0|0.0|0.0|0|8|1|0|70000|2007|17287781|2012.0|1.0|3.0|0.0|22.0|27.0|2018.0|
2131552087|PASTO                    |1|55.8|3.409090909090908|145.0|59.000|58.000|39.000|60.000|0.000|55.000|53.000|0.000|43.000|52.000|||||0.0|0.0|0.0|1|1|1|0|50000|2008|6000000|2012.0|1.0|3.0|0.0|21.0|26.0|2018.0|
2131552091|PASTO                    |0|60.75|3.505084745762712|162.0|56.000|73.000|50.000|60.000|0.000|62.000|54.000|0.000|51.000|48.000|||||0.0|0.0|0.0|1|1|1|0|0|2010|4550000|2012.0|1.0|1.0|0.0|19.0|23.0|2018.0|
2131552138|PASTO                    |0|55.35|3.3661538461538454|164.0|46.000|61.000|50.000|45.000|0.000|65.000|60.000|0.000|43.000|53.000|||||0.0|0.0|0.0|0|1|0|0|61950|2011|8400000|2012.0|1.0|2.0|0.0|19.0|24.0|2018.0|
2131601156|PASTO                    |0|64.4|3.612121212121211|159.0|48.000|75.000|53.000|71.000|0.000|58.000|59.000|0.000|63.000|53.000|||||0.0|0.0|0.0|0|9|0|1|50000|2010|3900000|2011.0|1.0|2.0|0.0|18.0|24.0|2018.0|
2131601159|PASTO                    |0|66.8|3.7907692307692304|173.0|60.000|72.000|53.000|75.000|0.000|65.000|59.000|0.000|61.000|58.000|||||0.0|0.0|0.0|1|3|3|0|450000|2011|24000000|0.0|3.0|0.0|0.0|17.0|23.0|2018.0|
2131601249|PASTO                    |0|63.65|3.4057142857142857|173.0|69.000|72.000|46.000|67.000|0.000|59.000|54.000|0.000|50.000|62.000|||||0.0|0.0|0.0|1|3|3|0|183000|2011|17997820|2011.0|1.0|1.0|0.0|17.0|23.0|2018.0|
2131601288|PASTO                    |0|63.4|3.491428571428572|173.0|64.000|61.000|50.000|60.000|0.000|82.000|59.000|0.000|59.000|63.000|||||0.0|0.0|0.0|1|2|2|0|184660|2009|8000000|2013.0|1.0|2.0|1.0|19.0|24.0|2018.0|
2140331078|PASTO                    |0|70.35|3.4525423728813545|164.0|77.000|77.000|55.000|80.000|0.000|55.000|61.000|0.000|59.000|71.000|||||0.0|0.0|0.0|1|4|4|0|256500|2009|159832486|2012.0|2.0|1.0|0.0|20.0|24.0|2018.0|
2140331304|PASTO                    |0|73.1|2.578125|33.0|54.000|103.000|59.000|70.000|0.000|52.000|70.000|0.000|52.000|59.000|||||0.0|0.0|0.0|0|1|2|0|55000|2008|1100000|2012.0|1.0|1.0|0.0|21.0|25.0|2018.0|
2140331469|PASTO                    |0|71.73|2.3428571428571425|21.0|63.670|80.560|68.950|85.060|55.580|58.730|63.910|50.370|41.970|0.000|||||0.0|0.0|0.0|0|1|0|1|25000|2003|6500000|2012.0|4.0|4.0|2.0|26.0|31.0|2018.0|
2140341098|PASTO                    |0|64.75|4.215584415584415|206.0|54.000|78.000|59.000|55.000|0.000|75.000|60.000|0.000|47.000|56.000|||||0.0|0.0|0.0|0|2|2|0|0|2009|10400000|2012.0|2.0|3.0|0.0|20.0|25.0|2018.0|
2140341113|PASTO                    |0|62.15|4.135135135135135|203.0|54.000|67.000|45.000|72.000|0.000|62.000|57.000|0.000|47.000|46.000|||||0.0|0.0|0.0|0|1|0|0|0|0|10800000|2012.0|1.0|4.0|0.0|18.0|23.0|2018.0|
2140341126|PASTO                    |0|58.1|3.0714285714285707|124.0|55.000|57.000|37.000|56.000|0.000|77.000|58.000|0.000|48.000|50.000|||||0.0|0.0|0.0|0|1|0|0|0|2012|4800000|2012.0|0.0|0.0|0.0|17.0|21.0|2018.0|
2140341192|PASTO                    |0|60.85|3.9616438356164396|207.0|59.000|60.000|55.000|66.000|0.000|65.000|52.000|0.000|53.000|61.000|||||0.0|0.0|0.0|1|1|1|0|0|2012|4800000|2012.0|1.0|4.0|1.0|18.0|23.0|2018.0|
2140341337|PASTO                    |0|61.05|4.028|207.0|57.000|78.000|46.000|60.000|0.000|58.000|54.000|0.000|53.000|46.000|||||0.0|0.0|0.0|1|2|2|0|120000|2009|7074000|2012.0|1.0|1.0|0.0|20.0|25.0|2018.0|
2140341388|PASTO                    |0|59.05|3.833766233766234|203.0|54.000|73.000|50.000|50.000|0.000|58.000|60.000|0.000|50.000|54.000|||||0.0|0.0|0.0|1|1|1|0|0|2011|3600000|2012.0|1.0|2.0|0.0|18.0|23.0|2018.0|
2140361033|IPIALES                  |0|45.0|1.4666666666666666|12.0|41.000|49.000|42.000|46.000|0.000|40.000|46.000|0.000|34.000|42.000|||||0.0|0.0|0.0|1|1|2|0|40000|2011|50000|2012.0|1.0|5.0|2.0|18.0|22.0|2018.0|
2140361066|IPIALES                  |0|48.65|3.27037037037037|113.0|44.000|49.000|40.000|59.000|0.000|45.000|46.000|0.000|39.000|38.000|||||0.0|0.0|0.0|0|1|1|0|55000|2010|6000000|2012.0|1.0|2.0|1.0|24.0|29.0|2018.0|
2141511010|TUMACO                   |0|57.83|3.881707317073171|211.0|59.320|63.470|46.430|62.030|0.000|53.650|50.310|0.000|56.890|55.760|||||0.0|0.0|0.0|1|10|1|0|79000|2009|2000000|2012.0|1.0|3.0|0.0|20.0|25.0|2018.0|
2141511016|TUMACO                   |0|48.35|3.957534246575343|211.0|51.000|45.000|54.000|49.000|0.000|50.000|46.000|0.000|43.000|52.000|||||0.0|0.0|0.0|1|7|2|0|0|2010|15394798|2012.0|1.0|3.0|0.0|19.0|24.0|2018.0|
2141511050|TUMACO                   |0|53.87|3.87027027027027|211.0|55.800|58.890|53.520|54.910|0.000|54.290|42.720|0.000|52.090|54.060|||||0.0|0.0|0.0|1|3|3|0|107000|2006|4560000|2012.0|2.0|0.0|0.0|22.0|27.0|2018.0|
2141511053|TUMACO                   |1|48.25|3.9392405063291154|211.0|51.000|49.000|45.000|49.000|0.000|50.000|45.000|0.000|43.000|47.000|||||0.0|0.0|0.0|1|0|1|0|0|0|6000000|0.0|2.0|4.0|0.0|19.0|24.0|2018.0|
2141511059|TUMACO                   |0|50.19|3.9575342465753423|211.0|62.090|55.690|52.030|47.050|0.000|46.930|44.050|0.000|67.170|51.540|||||0.0|0.0|0.0|1|1|0|0|0|0|4500000|0.0|1.0|2.0|0.0|20.0|25.0|2018.0|
2141601024|PASTO                    |0|70.5|4.035593220338982|169.0|57.000|91.000|56.000|70.000|0.000|75.000|47.000|0.000|53.000|63.000|||||0.0|0.0|0.0|1|2|2|0|0|0|18000000|2012.0|1.0|1.0|0.0|18.0|22.0|2018.0|
2141601268|PASTO                    |0|67.3|3.827868852459015|173.0|55.000|68.000|48.000|80.000|0.000|69.000|62.000|0.000|43.000|55.000|||||0.0|0.0|0.0|0|1|1|0|0|2012|1500000|2012.0|1.0|4.0|0.0|19.0|24.0|2018.0|
2141601270|PASTO                    |0|65.7|3.704615384615384|173.0|52.000|78.000|48.000|66.000|0.000|71.000|63.000|0.000|83.000|46.000|||||0.0|0.0|0.0|1|2|2|1|0|2011|7074000|2012.0|1.0|0.0|0.0|18.0|23.0|2018.0|
